AMTRAKOIG.GOV , outlook.com
ACUS.GOV , outlook.com
ACHP.GOV , fireeyegov.com
ACHP.GOV , outlook.com
ACHP.GOV , fireeyegov.com
ACHP.GOV , fireeyegov.com
ACHP.GOV , fireeyegov.com
PRESERVEAMERICA.GOV , NR
ABMC.GOV , outlook.com
ABMCSCHOLAR.GOV , NR
NATIONALMALL.GOV , NR
ARC.GOV , outlook.com
ASC.GOV , outlook.com
AFRH.GOV , outlook.com
GOLDWATERSCHOLARSHIP.GOV , outlook.com
CIA.GOV , CIA.GOV
CIA.GOV , CIA.GOV
IC.GOV , IC.GOV
ISTAC.GOV , cia.GOV
ISTAC.GOV , cia.GOV
NCTC.GOV , cia.GOV
NCTC.GOV , cia.GOV
ODCI.GOV , cia.GOV
ODCI.GOV , cia.GOV
OPENSOURCE.GOV , outlook.com
OSDE.GOV , NR
TTIC.GOV , cia.GOV
TTIC.GOV , cia.GOV
UCIA.GOV , cia.GOV
UCIA.GOV , cia.GOV
CSB.GOV , CSB.GOV
CSB.GOV , CSB.GOV
CSB.GOV , CSB.GOV
SAFETYVIDEOS.GOV , NR
CAP.GOV , GOOGLE.COM
CAP.GOV , GOOGLE.COM
CAP.GOV , GOOGLE.COM
CAP.GOV , GOOGLE.COM
CAP.GOV , GOOGLE.COM
CAPNHQ.GOV , outlook.com
CFTC.GOV , CFTC.GOV
CFTC.GOV , CFTC.GOV
SMARTCHECK.GOV , NR
WHISTLEBLOWER.GOV , NR
BCFP.GOV , NR
CFPA.GOV , qwest.net
CFPA.GOV , qwest.net
CFPB.GOV , qwest.net
CFPB.GOV , qwest.net
CONSUMERBUREAU.GOV , NR
CONSUMERFINANCE.GOV , qwest.net
CONSUMERFINANCE.GOV , qwest.net
CONSUMERFINANCIAL.GOV , NR
CONSUMERFINANCIALBUREAU.GOV , NR
CONSUMERFINANCIALPROTECTIONBUREAU.GOV , NR
CONSUMERPROTECTION.GOV , NR
CONSUMERPROTECTIONBUREAU.GOV , NR
MIMM.GOV , NR
ANCHORIT.GOV , NR
ATVSAFETY.GOV , NR
CPSC.GOV , CPSC.GOV
CPSC.GOV , CPSC.GOV
DRYWALLRESPONSE.GOV , NR
POOLSAFELY.GOV , NR
POOLSAFETY.GOV , NR
RECALLS.GOV , NR
SAFERPRODUCT.GOV , NR
SAFERPRODUCTS.GOV , NR
SEGURIDADCONSUMIDOR.GOV , NR
AMERICORPS.GOV , pphosted.com
AMERICORPS.GOV , pphosted.com
CCC.GOV , NR
CNCS.GOV , CNCS.GOV
CNS.GOV , pphosted.com
CNS.GOV , pphosted.com
JOINAMERICORPS.GOV , NR
MENTOR.GOV , NR
MLKDAY.GOV , pphosted.com
MLKDAY.GOV , pphosted.com
MLKDAY.GOV , pphosted.com
MLKDAY.GOV , pphosted.com
NATIONALSERVICE.GOV , pphosted.com
NATIONALSERVICE.GOV , pphosted.com
PRESIDENTIALSERVICEAWARDS.GOV , outlook.com
SERVE.GOV , pphosted.com
SERVE.GOV , pphosted.com
SERVE.GOV , pphosted.com
SERVE.GOV , pphosted.com
VISTACAMPUS.GOV , pphosted.com
VISTACAMPUS.GOV , pphosted.com
VOLUNTEERINGINAMERICA.GOV , NR
AMERICORPSOIG.GOV , outlook.com
CNCSOIG.GOV , outlook.com
CIGIE.GOV , outlook.com
IGNET.GOV , NR
OVERSIGHT.GOV , NR
PANDEMICOVERSIGHT.GOV , NR
CSOSA.GOV , usdoj.GOV
CSOSA.GOV , usdoj.GOV
PRETRIALSERVICES.GOV , NR
PSA.GOV , usdoj.GOV
PSA.GOV , usdoj.GOV
DNFSB.GOV , outlook.com
DRA.GOV , outlook.com
DENALI.GOV , outlook.com
2020CENSUS.GOV , census.GOV
2020CENSUS.GOV , census.GOV
AP.GOV , NR
AVIATIONWEATHER.GOV , NR
BEA.GOV , recoverypoint.com
BEA.GOV , BEA.GOV
BEA.GOV , recoverypoint.com
BEA.GOV , BEA.GOV
BLDRDOC.GOV , NR
BUYUSA.GOV , NR
CENSUS.GOV , CENSUS.GOV
CENSUS.GOV , CENSUS.GOV
CHIPS.GOV , NR
CLIMATE.GOV , NR
COMMERCE.GOV , pphosted.com
COMMERCE.GOV , pphosted.com
DNSOPS.GOV , NR
DOC.GOV , pphosted.com
DOC.GOV , pphosted.com
DROUGHT.GOV , NR
EDA.GOV , pphosted.com
EDA.GOV , pphosted.com
EXPORT.GOV , NR
FIRSTNET.GOV , outlook.com
FISHWATCH.GOV , NR
GOES-R.GOV , NR
GPS.GOV , GOOGLE.COM
GPS.GOV , GOOGLE.COM
GPS.GOV , GOOGLE.COM
GPS.GOV , GOOGLE.COM
GPS.GOV , GOOGLE.COM
HEAT.GOV , NR
HURRICANES.GOV , NR
ICAMS-PORTAL.GOV , NR
INTERNET4ALL.GOV , NR
INTERNETFORALL.GOV , NR
LUCA-APPEALS.GOV , census.GOV
LUCA-APPEALS.GOV , census.GOV
MANUFACTURING.GOV , NR
MARINECADASTRE.GOV , noaa.GOV
MBDA.GOV , pphosted.com
MBDA.GOV , pphosted.com
MGI.GOV , NR
MY2020CENSUS.GOV , NR
NEHRP.GOV , NR
NIST.GOV , outlook.com
NOAA.GOV , GOOGLE.COM
NOAA.GOV , GOOGLE.COM
NOAA.GOV , GOOGLE.COM
NOAA.GOV , GOOGLE.COM
NOAA.GOV , GOOGLE.COM
NTIA.GOV , outlook.com
NTIS.GOV , outlook.com
NWIRP.GOV , NR
OFCM.GOV , NR
PAPAHANAUMOKUAKEA.GOV , NR
PRIVACYSHIELD.GOV , NR
PSCR.GOV , NR
SDR.GOV , NR
SELECTUSA.GOV , NR
SEMICONDUCTORS.GOV , NR
SPACEWEATHER.GOV , NR
SPECTRUM.GOV , outlook.com
STANDARDS.GOV , NR
STOPFAKES.GOV , NR
SWORM.GOV , NR
TASEFILING.GOV , NR
TIME.GOV , NR
TRADE.GOV , outlook.com
TSUNAMI.GOV , NR
USICECENTER.GOV , NR
USPTO.GOV , outlook.com
WEATHER.GOV , NR
WWTG.GOV , NR
XD.GOV , census.GOV
XD.GOV , census.GOV
ADLNET.GOV , outlook.com
AFTAC.GOV , AFTAC.GOV
AFTAC.GOV , AFTAC.GOV
ALTUSANDC.GOV , aftac.GOV
ALTUSANDC.GOV , aftac.GOV
ALTUSANDC.GOV , ALTUSANDC.GOV
BUSINESSDEFENSE.GOV , NR
CMTS.GOV , NR
CNSS.GOV , NR
CTOC.GOV , CTOC.GOV
CTTSO.GOV , CTTSO.GOV
CTTSO.GOV , tswg.GOV
DC3ON.GOV , DC3ON.GOV
DEFENSE.GOV , google.com
DEFENSE.GOV , google.com
DEFENSE.GOV , google.com
DEFENSE.GOV , google.com
DEFENSE.GOV , google.com
FEHRM.GOV , NR
FVAP.GOV , mail.mil
FVAP.GOV , mail.mil
HIVE.GOV , NR
IAD.GOV , mail.mil
IAD.GOV , ncsc.mil
IAD.GOV , mail.mil
IAD.GOV , ncsc.mil
IOSS.GOV , NR
ITC.GOV , ITC.GOV
IWTSD.GOV , tswg.GOV
IWTSD.GOV , cttso.GOV
JCCS.GOV , NR
MOJAVEDATA.GOV , NR
MTMC.GOV , NR
MYPAY.GOV , NR
NATIONALRESOURCEDIRECTORY.GOV , NATIONALRESOURCEDIRECTORY.GOV
NBIB.GOV , NR
NRD.GOV , NR
NRO.GOV , office365.us
NROJR.GOV , NR
NSA.GOV , mail.mil
NSA.GOV , ncsc.mil
NSA.GOV , mail.mil
NSA.GOV , ncsc.mil
NSEP.GOV , NSEP.GOV
OEA.GOV , outlook.com
OLDCC.GOV , outlook.com
TAK.GOV , office365.us
TSWG.GOV , cttso.GOV
TSWG.GOV , TSWG.GOV
USANDC.GOV , altusandc.GOV
USANDC.GOV , aftac.GOV
USANDC.GOV , aftac.GOV
BUDGETLOB.GOV , NR
CHILDSTATS.GOV , NR
COLLEGENAVIGATOR.GOV , NR
ED.GOV , outlook.com
FAFSA.GOV , outlook.com
G5.GOV , NR
NAGB.GOV , NR
NATIONSREPORTCARD.GOV , NR
STUDENTAID.GOV , STUDENTAID.GOV
STUDENTLOANS.GOV , NR
AMESLAB.GOV , google.com
AMESLAB.GOV , google.com
AMESLAB.GOV , google.com
AMESLAB.GOV , google.com
AMESLAB.GOV , google.com
ANL.GOV , ANL.GOV
ANL.GOV , ANL.GOV
ARM.GOV , ornl.GOV
ARM.GOV , ornl.GOV
BIOMASSBOARD.GOV , NR
BNL.GOV , pphosted.com
BNL.GOV , pphosted.com
BPA.GOV , BPA.GOV
BPA.GOV , BPA.GOV
BPA.GOV , BPA.GOV
BUILDINGAMERICA.GOV , NR
CASL.GOV , ORNL.GOV
CASL.GOV , ORNL.GOV
CEBAF.GOV , pphosted.com
CEBAF.GOV , pphosted.com
CENDI.GOV , gpphosted.com
CENDI.GOV , gpphosted.com
DOE.GOV , gpphosted.com
DOE.GOV , gpphosted.com
DOEAL.GOV , gpphosted.com
DOEAL.GOV , gpphosted.com
DRIVEELECTRIC.GOV , NR
EIA.GOV , gpphosted.com
EIA.GOV , gpphosted.com
ENERGY.GOV , gpphosted.com
ENERGY.GOV , gpphosted.com
ENERGYCODES.GOV , pnnl.GOV
ENERGYCODES.GOV , pnnl.GOV
ENERGYCODES.GOV , outlook.com
ENERGYCOMMUNITIES.GOV , gpphosted.com
ENERGYCOMMUNITIES.GOV , gpphosted.com
ENERGYSAVER.GOV , NR
ENERGYSAVERS.GOV , NR
FNAL.GOV , outlook.com
FUELECONOMY.GOV , ORNL.GOV
FUELECONOMY.GOV , ORNL.GOV
HANFORD.GOV , HANFORD.GOV
HANFORD.GOV , HANFORD.GOV
HOMEENERGYSCORE.GOV , NR
HYDROGEN.GOV , NR
INEL.GOV , NR
INL.GOV , outlook.com
ISOTOPE.GOV , ORNL.GOV
ISOTOPE.GOV , ORNL.GOV
ISOTOPES.GOV , ORNL.GOV
ISOTOPES.GOV , ORNL.GOV
LANL.GOV , LANL.GOV
LANL.GOV , LANL.GOV
LBL.GOV , google.com
LBL.GOV , google.com
LBL.GOV , google.com
LBL.GOV , google.com
LBL.GOV , google.com
LLNL.GOV , gpphosted.com
LLNL.GOV , gpphosted.com
NCCS.GOV , ORNL.GOV
NCCS.GOV , ORNL.GOV
NCRC.GOV , ORNL.GOV
NCRC.GOV , ORNL.GOV
NERSC.GOV , NERSC.GOV
NERSC.GOV , NERSC.GOV
NEUP.GOV , NR
NREL.GOV , outlook.com
NRELHUB.GOV , outlook.com
NTRC.GOV , ORNL.GOV
NTRC.GOV , ORNL.GOV
NUCLEAR.GOV , NR
ORAU.GOV , ORAU.GOV
ORNL.GOV , ORNL.GOV
ORNL.GOV , ORNL.GOV
OSTI.GOV , gpphosted.com
OSTI.GOV , gpphosted.com
PCAST.GOV , google.com
PCAST.GOV , google.com
PCAST.GOV , google.com
PCAST.GOV , google.com
PCAST.GOV , google.com
PNL.GOV , outlook.com
PNNL.GOV , outlook.com
PPPL.GOV , pphosted.com
PPPL.GOV , pphosted.com
PPPO.GOV , NR
RL.GOV , outlook.com
SALMONRECOVERY.GOV , NR
SANDIA.GOV , SANDIA.GOV
SANDIA.GOV , SANDIA.GOV
SCIDAC.GOV , ORNL.GOV
SCIDAC.GOV , ORNL.GOV
SCIENCE.GOV , gpphosted.com
SCIENCE.GOV , gpphosted.com
SMARTGRID.GOV , outlook.com
SNS.GOV , ornl.GOV
SNS.GOV , ornl.GOV
SOLARDECATHLON.GOV , NR
SRNL.GOV , NR
SRS.GOV , SRS.GOV
SRS.GOV , SRS.GOV
SRS.GOV , SRS.GOV
SWPA.GOV , outlook.com
UNNPP.GOV , office365.us
UNNPP.GOV , gpphosted.com
UNNPP.GOV , gpphosted.com
UNRPNET.GOV , NR
WAPA.GOV , gpphosted.com
WAPA.GOV , gpphosted.com
YMP.GOV , doe.GOV
988.GOV , NR
ACF.GOV , hhs.GOV
ACF.GOV , hhs.GOV
ACL.GOV , hhs.GOV
ACL.GOV , hhs.GOV
ACL.GOV , NR
AFTERSCHOOL.GOV , NR
AGING.GOV , NR
AGINGSTATS.GOV , NR
AHCPR.GOV , hhs.GOV
AHCPR.GOV , hhs.GOV
AHRQ.GOV , hhs.GOV
AHRQ.GOV , hhs.GOV
AIDS.GOV , hhs.GOV
AIDS.GOV , hhs.GOV
ALZHEIMERS.GOV , nih.GOV
ALZHEIMERS.GOV , nih.GOV
ALZHEIMERS.GOV , nih.GOV
ALZHEIMERS.GOV , nih.GOV
ALZHEIMERS.GOV , nih.GOV
ALZHEIMERS.GOV , nih.GOV
ALZHEIMERS.GOV , nih.GOV
ALZHEIMERS.GOV , nih.GOV
ALZHEIMERS.GOV , nih.GOV
ALZHEIMERS.GOV , nih.GOV
ALZHEIMERS.GOV , nih.GOV
ALZHEIMERS.GOV , nih.GOV
AOA.GOV , hhs.GOV
AOA.GOV , hhs.GOV
ARPA-H.GOV , NR
ARPAH.GOV , NR
BAM.GOV , NR
BETOBACCOFREE.GOV , hhs.GOV
BETOBACCOFREE.GOV , hhs.GOV
BIOETHICS.GOV , hhs.GOV
BIOETHICS.GOV , hhs.GOV
BRAIN.GOV , NR
BRAINHEALTH.GOV , NR
CANCER.GOV , nih.GOV
CANCER.GOV , nih.GOV
CANCER.GOV , nih.GOV
CANCER.GOV , nih.GOV
CANCER.GOV , nih.GOV
CANCER.GOV , nih.GOV
CANCER.GOV , nih.GOV
CANCER.GOV , nih.GOV
CANCER.GOV , nih.GOV
CANCER.GOV , nih.GOV
CANCER.GOV , nih.GOV
CDC.GOV , fireeyegov.com
CDC.GOV , fireeyegov.com
CDC.GOV , fireeyegov.com
CDC.GOV , fireeyegov.com
CDCPARTNERS.GOV , NR
CEREBROSANO.GOV , NR
CHILDCARE.GOV , hhs.GOV
CHILDCARE.GOV , hhs.GOV
CHILDWELFARE.GOV , outlook.com
CLINICALTRIAL.GOV , NR
CLINICALTRIALS.GOV , nih.GOV
CLINICALTRIALS.GOV , nih.GOV
CLINICALTRIALS.GOV , nih.GOV
CMS.GOV , hhs.GOV
CMS.GOV , hhs.GOV
COLLEGEDRINKINGPREVENTION.GOV , nih.GOV
COLLEGEDRINKINGPREVENTION.GOV , nih.GOV
COLLEGEDRINKINGPREVENTION.GOV , nih.GOV
COLLEGEDRINKINGPREVENTION.GOV , nih.GOV
COLLEGEDRINKINGPREVENTION.GOV , nih.GOV
COLLEGEDRINKINGPREVENTION.GOV , nih.GOV
COLLEGEDRINKINGPREVENTION.GOV , nih.GOV
COLLEGEDRINKINGPREVENTION.GOV , nih.GOV
COLLEGEDRINKINGPREVENTION.GOV , nih.GOV
COLLEGEDRINKINGPREVENTION.GOV , nih.GOV
COLLEGEDRINKINGPREVENTION.GOV , nih.GOV
CORONAVIRUS.GOV , NR
COVID.GOV , NR
COVIDTEST.GOV , NR
COVIDTESTS.GOV , NR
CUIDADODESALUD.GOV , NR
DHHS.GOV , hhs.GOV
DHHS.GOV , hhs.GOV
DIABETESCOMMITTEE.GOV , NR
DOCLINE.GOV , nih.GOV
DOCLINE.GOV , nih.GOV
DOCLINE.GOV , nih.GOV
DONACIONDEORGANOS.GOV , hhs.GOV
DONACIONDEORGANOS.GOV , hhs.GOV
DRUGABUSE.GOV , nih.GOV
DRUGABUSE.GOV , nih.GOV
DRUGABUSE.GOV , nih.GOV
DRUGABUSE.GOV , nih.GOV
DRUGABUSE.GOV , nih.GOV
DRUGABUSE.GOV , nih.GOV
DRUGABUSE.GOV , nih.GOV
DRUGABUSE.GOV , nih.GOV
DRUGABUSE.GOV , nih.GOV
DRUGABUSE.GOV , nih.GOV
DRUGABUSE.GOV , nih.GOV
EDISON.GOV , NR
ELDERCARE.GOV , NR
EVERYTRYCOUNTS.GOV , hhs.GOV
EVERYTRYCOUNTS.GOV , hhs.GOV
FATHERHOOD.GOV , hhs.GOV
FATHERHOOD.GOV , hhs.GOV
FDA.GOV , FDA.GOV
FDA.GOV , FDA.GOV
FDA.GOV , FDA.GOV
FDA.GOV , FDA.GOV
FINDTREATMENT.GOV , NR
FITNESS.GOV , hhs.GOV
FITNESS.GOV , hhs.GOV
FLU.GOV , NR
FOODSAFETY.GOV , hhs.GOV
FOODSAFETY.GOV , hhs.GOV
FRESHEMPIRE.GOV , hhs.GOV
FRESHEMPIRE.GOV , hhs.GOV
FRUITSANDVEGGIESMATTER.GOV , NR
GENOME.GOV , NR
GIRLSHEALTH.GOV , NR
GLOBALHEALTH.GOV , NR
GRANTS.GOV , amazonaws.com
GRANTSOLUTIONS.GOV , google.com
GRANTSOLUTIONS.GOV , google.com
GRANTSOLUTIONS.GOV , amazonaws.com
GRANTSOLUTIONS.GOV , googlemail.com
GRANTSOLUTIONS.GOV , amazonaws.com
GRANTSOLUTIONS.GOV , googlemail.com
GRANTSOLUTIONS.GOV , google.com
GRANTSOLUTIONS.GOV , googlemail.com
GRANTSOLUTIONS.GOV , googlemail.com
GUIDELINE.GOV , NR
GUIDELINES.GOV , NR
HC.GOV , NR
HEALTH.GOV , hhs.GOV
HEALTH.GOV , hhs.GOV
HEALTHCARE.GOV , govdelivery.com
HEALTHCARE.GOV , govdelivery.com
HEALTHDATA.GOV , NR
HEALTHFINDER.GOV , NR
HEALTHINDICATORS.GOV , NR
HEALTHIT.GOV , google.com
HEALTHIT.GOV , google.com
HEALTHIT.GOV , google.com
HEALTHIT.GOV , googlemail.com
HEALTHIT.GOV , googlemail.com
HEALTHYPEOPLE.GOV , NR
HEARTTRUTH.GOV , NR
HHS.GOV , HHS.GOV
HHS.GOV , HHS.GOV
HHSOIG.GOV , outlook.com
HHSOPS.GOV , hhs.GOV
HHSOPS.GOV , hhs.GOV
HIV.GOV , hhs.GOV
HIV.GOV , hhs.GOV
HRSA.GOV , nih.GOV
HRSA.GOV , nih.GOV
HRSA.GOV , nih.GOV
HRSA.GOV , nih.GOV
HRSA.GOV , nih.GOV
HRSA.GOV , nih.GOV
HRSA.GOV , nih.GOV
HRSA.GOV , nih.GOV
IDEALAB.GOV , hhs.GOV
IDEALAB.GOV , hhs.GOV
IEDISON.GOV , NR
IHS.GOV , gpphosted.com
IHS.GOV , gpphosted.com
INSUREKIDSNOW.GOV , NR
LONGTERMCARE.GOV , NR
MEDICAID.GOV , NR
MEDICALBILLRIGHTS.GOV , NR
MEDICALCOUNTERMEASURES.GOV , NR
MEDICARE.GOV , NR
MEDLINEPLUS.GOV , NR
MENTALHEALTH.GOV , NR
MESH.GOV , nih.GOV
MESH.GOV , nih.GOV
MESH.GOV , nih.GOV
MYMEDICARE.GOV , NR
NCIFCRF.GOV , nih.GOV
NCIFCRF.GOV , nih.GOV
NCIFCRF.GOV , nih.GOV
NCIFCRF.GOV , nih.GOV
NCIFCRF.GOV , nih.GOV
NCIFCRF.GOV , nih.GOV
NCIFCRF.GOV , nih.GOV
NCIFCRF.GOV , nih.GOV
NCIFCRF.GOV , nih.GOV
NCIFCRF.GOV , nih.GOV
NCIFCRF.GOV , nih.GOV
NCIFCRF.GOV , nih.GOV
NEXTLEGENDS.GOV , NR
NIH.GOV , NIH.GOV
NIH.GOV , NIH.GOV
NIH.GOV , NIH.GOV
NIH.GOV , NIH.GOV
NIH.GOV , NIH.GOV
NIH.GOV , NIH.GOV
NIH.GOV , NIH.GOV
NIH.GOV , NIH.GOV
NIOSH.GOV , NR
NLM.GOV , nih.GOV
NLM.GOV , nih.GOV
NLM.GOV , nih.GOV
NNLM.GOV , NR
OPIOIDS.GOV , hhs.GOV
OPIOIDS.GOV , hhs.GOV
ORGANDONOR.GOV , NR
PANDEMICFLU.GOV , hhs.GOV
PANDEMICFLU.GOV , hhs.GOV
PHE.GOV , NR
PSC.GOV , hhs.GOV
PSC.GOV , hhs.GOV
PUBMED.GOV , nih.GOV
PUBMED.GOV , nih.GOV
PUBMED.GOV , nih.GOV
PUBMED.GOV , nih.GOV
PUBMED.GOV , nih.GOV
PUBMED.GOV , nih.GOV
RECOVERYMONTH.GOV , NR
SAMHSA.GOV , hhs.GOV
SAMHSA.GOV , hhs.GOV
SELECTAGENTS.GOV , msv1.invalid
SIMPLEREPORT.GOV , fireeyegov.com
SIMPLEREPORT.GOV , fireeyegov.com
SIMPLEREPORT.GOV , fireeyegov.com
SIMPLEREPORT.GOV , fireeyegov.com
SMOKEFREE.GOV , NR
STOPALCOHOLABUSE.GOV , NR
STOPBULLYING.GOV , hhs.GOV
STOPBULLYING.GOV , hhs.GOV
SURGEONGENERAL.GOV , hhs.GOV
SURGEONGENERAL.GOV , hhs.GOV
THEBRAININITIATIVE.GOV , NR
THEREALCOST.GOV , hhs.GOV
THEREALCOST.GOV , hhs.GOV
THISFREELIFE.GOV , hhs.GOV
THISFREELIFE.GOV , hhs.GOV
TOBACCO.GOV , NR
TOX21.GOV , NR
USBM.GOV , NR
USPHS.GOV , NR
VACCINE.GOV , NR
VACCINES.GOV , NR
VACINE.GOV , NR
VACINES.GOV , NR
VACUNA.GOV , NR
VACUNAS.GOV , NR
WHAGING.GOV , hhs.GOV
WHAGING.GOV , hhs.GOV
WHITEHOUSECONFERENCEONAGING.GOV , hhs.GOV
WHITEHOUSECONFERENCEONAGING.GOV , hhs.GOV
WOMENSHEALTH.GOV , NR
YOUTH.GOV , NR
BIOMETRICS.GOV , NR
CBP.GOV , NR
CISA.GOV , gpphosted.com
CISA.GOV , gpphosted.com
CPNIREPORTING.GOV , CPNIREPORTING.GOV
CYBER.GOV , gpphosted.com
CYBER.GOV , gpphosted.com
CYBERSECURITY.GOV , NR
DHS.GOV , gpphosted.com
DHS.GOV , gpphosted.com
DISASTERASSISTANCE.GOV , NR
DOTGOV.GOV , verisign.com
DOTGOV.GOV , verisign.com
DOTGOV.GOV , verisign.com
DOTGOV.GOV , verisign.com
DOTGOV.GOV , verisign.com
DOTGOV.GOV , verisign.com
E-VERIFY.GOV , NR
EVERIFY.GOV , NR
EVUS.GOV , NR
FEMA.GOV , gpphosted.com
FEMA.GOV , gpphosted.com
FIRSTRESPONDERTRAINING.GOV , NR
FLETA.GOV , NR
FLETC.GOV , FLETC.GOV
FLETC.GOV , FLETC.GOV
FLETC.GOV , FLETC.GOV
FLIGHTSCHOOLCANDIDATES.GOV , NR
FLOODSMART.GOV , NR
GLOBALENTRY.GOV , NR
HOMELANDSECURITY.GOV , NR
ICE.GOV , NR
JUNTOS.GOV , NR
LISTO.GOV , NR
NIC.GOV , psmtp.com
NIC.GOV , psmtp.com
NIC.GOV , psmtp.com
NIC.GOV , psmtp.com
NIEM.GOV , gatech.edu
NIEM.GOV , gatech.edu
NIEM.GOV , gatech.edu
NMSC.GOV , NMSC.GOV
POWER2PREVENT.GOV , NR
READY.GOV , NR
READYBUSINESS.GOV , NR
SAFETYACT.GOV , NR
SCHOOLSAFETY.GOV , NR
SECRETSERVICE.GOV , outlook.com
STOPRANSOMWARE.GOV , NR
TOGETHER.GOV , NR
TSA.GOV , NR
US-CERT.GOV , US-CERT.GOV
US-CERT.GOV , US-CERT.GOV
US-CERT.GOV , US-CERT.GOV
US-CERT.GOV , US-CERT.GOV
USCG.GOV , NR
USCIS.GOV , NR
USSS.GOV , USSS.GOV
USSS.GOV , USSS.GOV
DISASTERHOUSING.GOV , NR
FHA.GOV , NR
GINNIEMAE.GOV , outlook.com
HOMESALES.GOV , NR
HUD.GOV , outlook.com
HUDHOMESTORE.GOV , NR
HUDOIG.GOV , HUDOIG.GOV
HUDOIG.GOV , HUDOIG.GOV
HUDOIG.GOV , HUDOIG.GOV
HUDOIG.GOV , HUDOIG.GOV
HUDUSER.GOV , GOOGLE.COM
HUDUSER.GOV , GOOGLE.COM
HUDUSER.GOV , GOOGLE.COM
HUDUSER.GOV , GOOGLE.COM
HUDUSER.GOV , GOOGLE.COM
NATIONALHOUSING.GOV , NR
NATIONALHOUSINGLOCATOR.GOV , NR
NHL.GOV , NR
NLS.GOV , NR
OPPORTUNITYZONES.GOV , NR
ADA.GOV , NR
AMBERALERT.GOV , NR
ATF.GOV , usdoj.GOV
ATF.GOV , usdoj.GOV
ATFONLINE.GOV , NR
BATS.GOV , NR
BIOMETRICCOE.GOV , NR
BJA.GOV , usdoj.GOV
BJA.GOV , usdoj.GOV
BJS.GOV , NR
BOP.GOV , usdoj.GOV
BOP.GOV , usdoj.GOV
CAMPUSDRUGPREVENTION.GOV , NR
CJIS.GOV , NR
CRIMESOLUTIONS.GOV , outlook.com
CRIMEVICTIMS.GOV , NR
CYBERCRIME.GOV , NR
DEA.GOV , usdoj.GOV
DEA.GOV , usdoj.GOV
DEAECOM.GOV , DEAECOM.GOV
DOJ.GOV , usdoj.GOV
DOJ.GOV , usdoj.GOV
DSAC.GOV , NR
ELDERJUSTICE.GOV , NR
EPIC.GOV , EPIC.GOV
FARA.GOV , usdoj.GOV
FARA.GOV , usdoj.GOV
FBI.GOV , FBI.GOV
FBI.GOV , FBI.GOV
FBIHR.GOV , NR
FBIJOBS.GOV , NR
FBILAB.GOV , NR
FIRSTFREEDOM.GOV , usdoj.GOV
FIRSTFREEDOM.GOV , usdoj.GOV
FOIA.GOV , usdoj.GOV
FOIA.GOV , usdoj.GOV
FORFEITURE.GOV , usdoj.GOV
FORFEITURE.GOV , usdoj.GOV
FPI.GOV , NR
GETSMARTABOUTDRUGS.GOV , NR
IC3.GOV , IC3.GOV
IC3.GOV , IC3.GOV
INTERPOL.GOV , usdoj.GOV
INTERPOL.GOV , usdoj.GOV
IPRCENTER.GOV , NR
JUSTICE.GOV , usdoj.GOV
JUSTICE.GOV , usdoj.GOV
JUSTTHINKTWICE.GOV , NR
JUVENILECOUNCIL.GOV , NR
LEARNATF.GOV , NR
LEARNDOJ.GOV , NR
LEO.GOV , fbi.GOV
LEP.GOV , NR
MALWAREINVESTIGATOR.GOV , NR
MEDALOFVALOR.GOV , usdoj.GOV
MEDALOFVALOR.GOV , usdoj.GOV
NAMUS.GOV , NR
NATIONALGANGCENTER.GOV , outlook.com
NCIRC.GOV , outlook.com
NCJRS.GOV , outlook.com
NICIC.GOV , googlemail.com
NICIC.GOV , google.com
NICIC.GOV , google.com
NICIC.GOV , google.com
NICIC.GOV , googlemail.com
NICIC.GOV , googlemail.com
NICIC.GOV , googlemail.com
NICSEZCHECKFBI.GOV , NR
NIJ.GOV , usdoj.GOV
NIJ.GOV , usdoj.GOV
NMVTIS.GOV , usdoj.GOV
NMVTIS.GOV , usdoj.GOV
NSOPR.GOV , outlook.com
NSOPW.GOV , outlook.com
NVTC.GOV , google.com
NVTC.GOV , google.com
NVTC.GOV , google.com
NVTC.GOV , google.com
NVTC.GOV , google.com
OJJDP.GOV , usdoj.GOV
OJJDP.GOV , usdoj.GOV
OJP.GOV , usdoj.GOV
OJP.GOV , usdoj.GOV
OVC.GOV , usdoj.GOV
OVC.GOV , usdoj.GOV
OVCTTAC.GOV , outlook.com
OVCTTAC.GOV , frontbridge.com
PROJECTSAFECHILDHOOD.GOV , usdoj.GOV
PROJECTSAFECHILDHOOD.GOV , usdoj.GOV
PROJECTSAFENEIGHBORHOODS.GOV , usdoj.GOV
PROJECTSAFENEIGHBORHOODS.GOV , usdoj.GOV
PSOB.GOV , usdoj.GOV
PSOB.GOV , usdoj.GOV
RCFL.GOV , fbi.GOV
RCFL.GOV , fbi.GOV
REENTRY.GOV , NR
SCRA.GOV , usdoj.GOV
SCRA.GOV , usdoj.GOV
SERVICEMEMBERS.GOV , usdoj.GOV
SERVICEMEMBERS.GOV , usdoj.GOV
SMART.GOV , NR
TRIBALJUSTICEANDSAFETY.GOV , NR
TSC.GOV , fbi.GOV
TSC.GOV , fbi.GOV
UCRDATATOOL.GOV , NR
UNICOR.GOV , usdoj.GOV
UNICOR.GOV , usdoj.GOV
USDOJ.GOV , USDOJ.GOV
USDOJ.GOV , USDOJ.GOV
USERRA.GOV , usdoj.GOV
USERRA.GOV , usdoj.GOV
USMARSHALS.GOV , usdoj.GOV
USMARSHALS.GOV , usdoj.GOV
VCF.GOV , usdoj.GOV
VCF.GOV , usdoj.GOV
VEHICLEHISTORY.GOV , usdoj.GOV
VEHICLEHISTORY.GOV , usdoj.GOV
APPRENTICESHIP.GOV , dol.GOV
APPRENTICESHIP.GOV , dol.GOV
APPRENTICESHIP.GOV , dol.GOV
APPRENTICESHIP.GOV , dol.GOV
APPRENTICESHIPS.GOV , NR
BENEFITS.GOV , dol.GOV
BENEFITS.GOV , dol.GOV
BENEFITS.GOV , dol.GOV
BENEFITS.GOV , dol.GOV
BLS.GOV , BLS.GOV
BLS.GOV , BLS.GOV
BLS.GOV , BLS.GOV
DISABILITY.GOV , NR
DOL-ESA.GOV , NR
DOL.GOV , DOL.GOV
DOL.GOV , DOL.GOV
DOL.GOV , DOL.GOV
DOL.GOV , DOL.GOV
DOLETA.GOV , dol.GOV
DOLETA.GOV , dol.GOV
DOLETA.GOV , dol.GOV
DOLETA.GOV , dol.GOV
EMPLOYER.GOV , NR
GOODJOBS.GOV , NR
GOVLOANS.GOV , NR
HIREVETS.GOV , dol.GOV
HIREVETS.GOV , dol.GOV
HIREVETS.GOV , dol.GOV
HIREVETS.GOV , dol.GOV
JOBCORPS.GOV , JOBCORPS.GOV
JOBCORPS.GOV , JOBCORPS.GOV
JOBCORPS.GOV , jobcorps.org
JOBCORPS.GOV , jobcorps.org
LABOR.GOV , NR
MSHA.GOV , NR
OSHA.GOV , dol.GOV
OSHA.GOV , dol.GOV
OSHA.GOV , dol.GOV
OSHA.GOV , dol.GOV
TRAININGPROVIDERRESULTS.GOV , NR
UI.GOV , NR
UNEMPLOYMENT.GOV , NR
UNIONREPORTS.GOV , NR
VETERANS.GOV , NR
WHISTLEBLOWERS.GOV , NR
WORKER.GOV , NR
WRP.GOV , dol.GOV
WRP.GOV , dol.GOV
WRP.GOV , dol.GOV
WRP.GOV , dol.GOV
YOUTHRULES.GOV , NR
AMERICA.GOV , google.com
AMERICA.GOV , googlemail.com
AMERICA.GOV , google.com
AMERICA.GOV , google.com
AMERICA.GOV , googlemail.com
CWC.GOV , pphosted.com
CWC.GOV , pphosted.com
DEVTESTFAN1.GOV , google.com
DEVTESTFAN1.GOV , google.com
DEVTESTFAN1.GOV , google.com
DEVTESTFAN1.GOV , google.com
DEVTESTFAN1.GOV , google.com
FAN.GOV , googlemail.com
FAN.GOV , google.com
FAN.GOV , googlemail.com
FAN.GOV , google.com
FAN.GOV , google.com
FSGB.GOV , NR
IAWG.GOV , NR
IBWC.GOV , outlook.com
OSAC.GOV , OSAC.GOV
PEPFAR.GOV , NR
PREPRODFAN.GOV , google.com
PREPRODFAN.GOV , google.com
PREPRODFAN.GOV , google.com
PREPRODFAN.GOV , google.com
PREPRODFAN.GOV , google.com
SECURITYTESTFAN.GOV , google.com
SECURITYTESTFAN.GOV , google.com
SECURITYTESTFAN.GOV , google.com
SECURITYTESTFAN.GOV , google.com
SECURITYTESTFAN.GOV , google.com
STATE.GOV , STATE.GOV
STATE.GOV , STATE.GOV
SUPPORTFAN.GOV , google.com
SUPPORTFAN.GOV , google.com
SUPPORTFAN.GOV , google.com
SUPPORTFAN.GOV , google.com
SUPPORTFAN.GOV , google.com
USASEANCONNECT.GOV , NR
USCONSULATE.GOV , NR
USDOSCLOUD.GOV , NR
USEMBASSY.GOV , NR
USMISSION.GOV , NR
STATEOIG.GOV , outlook.com
911.GOV , NR
BTS.GOV , outlook.com
DISTRACTEDDRIVING.GOV , NR
DISTRACTION.GOV , NR
DOT.GOV , outlook.com
DOTIDEAHUB.GOV , NR
EMS.GOV , NR
ESC.GOV , faa.GOV
ESC.GOV , faa.GOV
ESC.GOV , faa.GOV
ESC.GOV , faa.GOV
ESC.GOV , faa.GOV
ESC.GOV , faa.GOV
FAA.GOV , FAA.GOV
FAA.GOV , FAA.GOV
FAA.GOV , FAA.GOV
FAA.GOV , FAA.GOV
FAA.GOV , FAA.GOV
FAA.GOV , FAA.GOV
FAASAFETY.GOV , faa.GOV
FAASAFETY.GOV , faa.GOV
FAASAFETY.GOV , faa.GOV
FAASAFETY.GOV , faa.GOV
FAASAFETY.GOV , faa.GOV
FAASAFETY.GOV , faa.GOV
FAASAFETY.GOV , faa.GOV
FLYHEALTHY.GOV , NR
JCCBI.GOV , NR
NHTSA.GOV , NR
PROTECTYOURMOVE.GOV , NR
SAFECAR.GOV , NR
SAFEOCS.GOV , NR
SAFERCAR.GOV , NR
SAFERTRUCK.GOV , NR
SHARETHEROADSAFELY.GOV , NR
TRAFFICSAFETYMARKETING.GOV , NR
TRANSPORTATION.GOV , NR
EHR.GOV , NR
REACH.GOV , NR
VA.GOV , VA.GOV
VETS.GOV , NR
ABANDONEDMINES.GOV , NR
ACWI.GOV , NR
ALASKACENTERS.GOV , NR
ANSTASKFORCE.GOV , NR
BIA.GOV , outlook.com
BLM.GOV , outlook.com
BOEM.GOV , outlook.com
BOEMRE.GOV , outlook.com
BOR.GOV , NR
BSEE.GOV , outlook.com
BTFA.GOV , outlook.com
CORALREEF.GOV , NR
CUPCAO.GOV , NR
DOI.GOV , outlook.com
DOIOIG.GOV , outlook.com
EARTHQUAKE.GOV , NR
EVERGLADESRESTORATION.GOV , outlook.com
EVERYKIDOUTDOORS.GOV , NR
FCG.GOV , NR
FGDC.GOV , outlook.com
FIRECODE.GOV , NR
FIRELEADERSHIP.GOV , NR
FIRENET.GOV , outlook.com
FIRENET.GOV , amazonaws.com
FIRESCIENCE.GOV , NR
FWS.GOV , outlook.com
GCMRC.GOV , NR
GEOPLATFORM.GOV , outlook.com
IAT.GOV , NR
INDIANAFFAIRS.GOV , outlook.com
INTERIOR.GOV , outlook.com
INVASIVESPECIES.GOV , NR
JEM.GOV , NR
LACOAST.GOV , NR
LANDFIRE.GOV , outlook.com
LANDIMAGING.GOV , NR
LCA.GOV , NR
LCRMSCP.GOV , NR
LMVSCI.GOV , NR
MITIGATIONCOMMISSION.GOV , NR
MMS.GOV , outlook.com
MRLC.GOV , NR
MTBS.GOV , NR
NATIONALMAP.GOV , NR
NBC.GOV , outlook.com
NEMI.GOV , NR
NFPORS.GOV , amazonaws.com
NIFC.GOV , NR
NPS.GOV , outlook.com
ONHIR.GOV , outlook.com
ONRR.GOV , outlook.com
OSM.GOV , NR
OSMRE.GOV , outlook.com
PIEDRASBLANCAS.GOV , NR
REPORTBAND.GOV , NR
RIVERS.GOV , NR
SAFECOM.GOV , NR
SCIENCEBASE.GOV , NR
SIERRAWILD.GOV , NR
USBR.GOV , outlook.com
USGS.GOV , outlook.com
UTAHFIREINFO.GOV , doteasy.com
UTAHFIREINFO.GOV , doteasy.com
VOLCANO.GOV , NR
VOLUNTEER.GOV , outlook.com
WATERMONITOR.GOV , NR
WLCI.GOV , NR
AMA.GOV , NR
AMERICATHEBEAUTIFULQUARTERS.GOV , NR
ASAP.GOV , NR
AYUDACONMIBANCO.GOV , NR
BANKANSWERS.GOV , NR
BANKCUSTOMER.GOV , NR
BANKCUSTOMERASSISTANCE.GOV , NR
BANKHELP.GOV , NR
BANKNET.GOV , treasury.GOV
BANKNET.GOV , treasury.GOV
BEP.GOV , treasury.GOV
BEP.GOV , treasury.GOV
BFEM.GOV , NR
BONDPRO.GOV , treasury.GOV
BONDPRO.GOV , treasury.GOV
BONDPRO.GOV , treasury.GOV
CCAC.GOV , CCAC.GOV
CCAC.GOV , CCAC.GOV
CDFIFUND.GOV , NR
COMPLAINTREFERRALEXPRESS.GOV , NR
COMPTROLLEROFTHECURRENCY.GOV , NR
DIRECTOASUCUENTA.GOV , NR
EAGLECASH.GOV , NR
EFTPS.GOV , NR
ETA-FIND.GOV , iphmx.com
ETA-FIND.GOV , iphmx.com
ETHICSBURG.GOV , NR
EYENOTE.GOV , treasury.GOV
EYENOTE.GOV , treasury.GOV
FEDERALINVESTMENTS.GOV , treasury.GOV
FEDERALINVESTMENTS.GOV , treasury.GOV
FEDERALINVESTMENTS.GOV , treasury.GOV
FEDERALSPENDING.GOV , NR
FEDINVEST.GOV , treasury.GOV
FEDINVEST.GOV , treasury.GOV
FEDINVEST.GOV , treasury.GOV
FFB.GOV , NR
FINANCIALRESEARCH.GOV , NR
FINANCIALSTABILITY.GOV , NR
FINCEN.GOV , treasury.GOV
FINCEN.GOV , msv1.invalid
FINCEN.GOV , treasury.GOV
FSOC.GOV , treasury.GOV
FSOC.GOV , treasury.GOV
GODIRECT.GOV , iphmx.com
GODIRECT.GOV , iphmx.com
HELPWITHMYBANK.GOV , NR
HELPWITHMYCHECKINGACCOUNT.GOV , NR
HELPWITHMYCREDITCARD.GOV , NR
HELPWITHMYCREDITCARDBANK.GOV , NR
HELPWITHMYMORTGAGE.GOV , NR
HELPWITHMYMORTGAGEBANK.GOV , NR
IPAC.GOV , NR
IPP.GOV , NR
IRS.GOV , IRS.GOV
IRS.GOV , IRS.GOV
IRS.GOV , IRS.GOV
IRSAUCTIONS.GOV , NR
IRSNET.GOV , NR
IRSSALES.GOV , NR
IRSVIDEOS.GOV , NR
ITS.GOV , NR
MAKINGHOMEAFFORDABLE.GOV , NR
MHA.GOV , NR
MONEYFACTORY.GOV , treasury.GOV
MONEYFACTORY.GOV , treasury.GOV
MONEYFACTORYSTORE.GOV , treasury.GOV
MONEYFACTORYSTORE.GOV , treasury.GOV
MSB.GOV , NR
MYIRA.GOV , NR
MYMONEY.GOV , NR
MYRA.GOV , NR
MYTREASURY.GOV , NR
NATIONALBANK.GOV , NR
NATIONALBANKHELP.GOV , NR
NATIONALBANKNET.GOV , NR
NAVYCASH.GOV , NR
OCC.GOV , treasury.GOV
OCCHELPS.GOV , NR
OCCNET.GOV , NR
OTS.GOV , NR
PATRIOTBONDS.GOV , NR
PAY.GOV , NR
QATESTTWAI.GOV , NR
SAVINGSBOND.GOV , treasury.GOV
SAVINGSBOND.GOV , treasury.GOV
SAVINGSBOND.GOV , treasury.GOV
SAVINGSBONDS.GOV , treasury.GOV
SAVINGSBONDS.GOV , treasury.GOV
SAVINGSBONDS.GOV , treasury.GOV
SAVINGSBONDWIZARD.GOV , NR
SIGPR.GOV , treasury.GOV
SIGPR.GOV , treasury.GOV
SIGTARP.GOV , NR
SLGS.GOV , treasury.GOV
SLGS.GOV , treasury.GOV
SLGS.GOV , treasury.GOV
TAAPS.GOV , treasury.GOV
TAAPS.GOV , treasury.GOV
TAAPS.GOV , treasury.GOV
TAX.GOV , NR
TCIS.GOV , NR
TIGTA.GOV , NR
TIGTANET.GOV , NR
TRANSPARENCY.GOV , NR
TREAS.GOV , NR
TREASLOCKBOX.GOV , NR
TREASURY.GOV , TREASURY.GOV
TREASURY.GOV , TREASURY.GOV
TREASURYAUCTION.GOV , NR
TREASURYAUCTIONS.GOV , treasury.GOV
TREASURYAUCTIONS.GOV , treasury.GOV
TREASURYAUCTIONS.GOV , treasury.GOV
TREASURYDIRECT.GOV , treasury.GOV
TREASURYDIRECT.GOV , treasury.GOV
TREASURYDIRECT.GOV , treasury.GOV
TREASURYECM.GOV , NR
TREASURYHUNT.GOV , NR
TREASURYSCAMS.GOV , treasury.GOV
TREASURYSCAMS.GOV , treasury.GOV
TREASURYSCAMS.GOV , treasury.GOV
TTB.GOV , treasury.GOV
TTB.GOV , treasury.GOV
TTBONLINE.GOV , NR
TTLPLUS.GOV , NR
TWAI.GOV , NR
USASPENDING.GOV , NR
USDEBITCARD.GOV , NR
USMINT.GOV , treasury.GOV
USMINT.GOV , treasury.GOV
USTREAS.GOV , NR
WIZARD.GOV , treasury.GOV
WIZARD.GOV , treasury.GOV
WIZARD.GOV , treasury.GOV
WORKPLACE.GOV , treasury.GOV
WORKPLACE.GOV , treasury.GOV
CE-NCSC.GOV , amazonaws.com
DNI.GOV , cia.GOV
DNI.GOV , cia.GOV
FAMEP.GOV , NR
IARPA-IDEAS.GOV , NR
IARPA.GOV , outlook.com
ICJOINTDUTY.GOV , NR
INTEL.GOV , NR
INTELINK.GOV , INTELINK.GOV
INTELINK.GOV , INTELINK.GOV
INTELLIGENCE.GOV , NR
ISE.GOV , NR
NCIX.GOV , cia.GOV
NCIX.GOV , cia.GOV
NCSC.GOV , NR
ODNI.GOV , outlook.com
OSIS.GOV , NR
QART.GOV , NR
UGOV.GOV , intelink.GOV
UGOV.GOV , intelink.GOV
EAC.GOV , fireeyegov.com
EAC.GOV , fireeyegov.com
EAC.GOV , fireeyegov.com
EAC.GOV , fireeyegov.com
HELPAMERICAVOTE.GOV , NR
VOTEBYMAIL.GOV , NR
AIRKNOWLEDGE.GOV , NR
AIRNOW.GOV , NR
CBI-EPA.GOV , NR
ENERGYSTAR.GOV , ENERGYSTAR.GOV
ENERGYSTAR.GOV , ENERGYSTAR.GOV
EPA.GOV , att.com
EPA.GOV , att.com
EPA.GOV , att.com
EPA.GOV , att.com
EPA.GOV , att.com
EPA.GOV , att.com
EPA.GOV , att.com
EPA.GOV , att.com
EPA.GOV , att.com
EPA.GOV , att.com
FEDCENTER.GOV , att.com
FEDCENTER.GOV , att.com
FEDCENTER.GOV , NR
FOIAONLINE.GOV , NR
FRTR.GOV , easydns.com
GLNPO.GOV , NR
GREENGOV.GOV , NR
RELOCATEFEDS.GOV , NR
SUSTAINABILITY.GOV , att.com
SUSTAINABILITY.GOV , att.com
SUSTAINABILITY.GOV , att.com
SUSTAINABILITY.GOV , att.com
SUSTAINABILITY.GOV , att.com
SUSTAINABILITY.GOV , att.com
SUSTAINABILITY.GOV , att.com
SUSTAINABILITY.GOV , att.com
SUSTAINABILITY.GOV , att.com
SUSTAINABILITY.GOV , att.com
SUSTAINABILITY.GOV , att.com
URBANWATERS.GOV , NR
EEOC.GOV , outlook.com
AI.GOV , outlook.com
BUDGET.GOV , NR
BUILD.GOV , NR
BUILDBACKBETTER.GOV , NR
CHILDTAXCREDIT.GOV , NR
CRISISNEXTDOOR.GOV , NR
EARMARKS.GOV , NR
EOP.GOV , pitc.GOV
GETINTERNET.GOV , NR
MAX.GOV , att.com
MAX.GOV , att.com
MAX.GOV , att.com
MAX.GOV , att.com
NEPA.GOV , NR
OMB.GOV , att.com
OMB.GOV , att.com
OMB.GOV , att.com
OMB.GOV , att.com
ONDCP.GOV , NR
OSTP.GOV , NR
PCI.GOV , pitc.GOV
PITC.GOV , NR
PITCTESTDOMAIN.GOV , NR
REPROACCESS.GOV , NR
REPRODUCTIVEACCESS.GOV , NR
REPRODUCTIVERIGHTS.GOV , NR
REPRORIGHTS.GOV , NR
USDIGITALSERVICE.GOV , NR
USDS.GOV , google.com
USDS.GOV , google.com
USDS.GOV , google.com
USDS.GOV , google.com
USDS.GOV , google.com
USTR.GOV , whmo.mil
USTR.GOV , whmo.mil
WH.GOV , NR
WHITEHOUSE.GOV , NR
WHITEHOUSEDRUGPOLICY.GOV , NR
EXIM.GOV , outlook.com
FCA.GOV , FCA.GOV
FCA.GOV , FCA.GOV
FCSIC.GOV , FCSIC.GOV
FCSIC.GOV , FCSIC.GOV
ACPBENEFIT.GOV , NR
AFFORDABLECONNECTIVITY.GOV , NR
FCC.GOV , pphosted.com
FCC.GOV , pphosted.com
ECONOMICINCLUSION.GOV , NR
FDIC.GOV , FDIC.GOV
FDIC.GOV , FDIC.GOV
FDIC.GOV , FDIC.GOV
FDICCONNECT.GOV , NR
FDICIG.GOV , FDICIG.GOV
FDICOIG.GOV , fdic.GOV
FDICOIG.GOV , fdic.GOV
FDICOIG.GOV , fdic.GOV
FDICSEGURO.GOV , NR
MYFDIC.GOV , NR
OFIA.GOV , NR
FEC.GOV , outlook.com
FERC.GOV , outlook.com
FHFA.GOV , outlook.com
HARP.GOV , NR
MORTGAGETRANSLATIONS.GOV , NR
FHFAOIG.GOV , outlook.com
FLRA.GOV , outlook.com
FMC.GOV , outlook.com
ADR.GOV , NR
FMCS.GOV , outlook.com
FMSHRC.GOV , outlook.com
FPISC.GOV , google.com
FPISC.GOV , google.com
FPISC.GOV , google.com
FPISC.GOV , google.com
FPISC.GOV , google.com
PERMITTING.GOV , NR
FBIIC.GOV , NR
FEDERALRESERVE.GOV , FEDERALRESERVE.GOV
FEDERALRESERVE.GOV , FEDERALRESERVE.GOV
FEDERALRESERVECONSUMERHELP.GOV , iphmx.com
FEDERALRESERVECONSUMERHELP.GOV , iphmx.com
FEDPARTNERSHIP.GOV , NR
FFIEC.GOV , federalreserve.GOV
FFIEC.GOV , federalreserve.GOV
FRB.GOV , federalreserve.GOV
FRB.GOV , federalreserve.GOV
FRB.GOV , federalreserve.GOV
FRB.GOV , federalreserve.GOV
FRS.GOV , NR
NEWMONEY.GOV , NR
USCURRENCY.GOV , federalreserve.GOV
USCURRENCY.GOV , federalreserve.GOV
EXPLORETSP.GOV , NR
FRTIB.GOV , fireeyegov.com
FRTIB.GOV , fireeyegov.com
FRTIB.GOV , fireeyegov.com
FRTIB.GOV , fireeyegov.com
FRTIBTEST.GOV , NR
TSP.GOV , fireeyegov.com
TSP.GOV , fireeyegov.com
TSP.GOV , fireeyegov.com
TSP.GOV , fireeyegov.com
TSPTEST.GOV , NR
ALERTAENLINEA.GOV , NR
CONSUMER.GOV , NR
CONSUMERSENTINEL.GOV , CONSUMERSENTINEL.GOV
CONSUMERSENTINELNETWORK.GOV , consumersentinel.GOV
CONSUMIDOR.GOV , NR
DONOTCALL.GOV , consumersentinel.GOV
DONTSERVETEENS.GOV , NR
ECONSUMER.GOV , NR
FTC.GOV , outlook.com
FTCCOMPLAINTASSISTANT.GOV , NR
FTCEFILE.GOV , NR
HSR.GOV , NR
IDENTITYTHEFT.GOV , consumersentinel.GOV
IDTHEFT.GOV , consumersentinel.GOV
MILITARYCONSUMER.GOV , NR
ONGUARDONLINE.GOV , ONGUARDONLINE.GOV
PROTECCIONDELCONSUMIDOR.GOV , NR
ROBODEIDENTIDAD.GOV , consumersentinel.GOV
SENTINEL.GOV , NR
UCE.GOV , NR
ATA.GOV , NR
DOMAINOPS.GOV , NR
ECFC.GOV , outlook.com
ERPO.GOV , outlook.com
FED.US , NR
FRAHO.GOV , NR
JPO.GOV , outlook.com
NRPO.GOV , outlook.com
OSDLS.GOV , NR
OWC.GOV , outlook.com
PSD.GOV , outlook.com
PSUP.GOV , outlook.com
PUBSERVICES.GOV , outlook.com
RPO.GOV , outlook.com
18F.GOV , NR
400YAAHC.GOV , google.com
400YAAHC.GOV , google.com
400YAAHC.GOV , google.com
400YAAHC.GOV , google.com
400YAAHC.GOV , google.com
ACCESSIBILITY.GOV , NR
ACQUISITION.GOV , NR
AFADVANTAGE.GOV , NR
BUSINESSUSA.GOV , NR
BUYACCESSIBLE.GOV , NR
BUYAMERICAN.GOV , NR
CAO.GOV , NR
CBCA.GOV , google.com
CBCA.GOV , google.com
CBCA.GOV , google.com
CBCA.GOV , google.com
CBCA.GOV , google.com
CDO.GOV , NR
CFO.GOV , google.com
CFO.GOV , google.com
CFO.GOV , google.com
CFO.GOV , google.com
CFO.GOV , google.com
CHALLENGE.GOV , google.com
CHALLENGE.GOV , google.com
CHALLENGE.GOV , google.com
CHALLENGE.GOV , google.com
CHALLENGE.GOV , google.com
CIO.GOV , google.com
CIO.GOV , google.com
CIO.GOV , google.com
CIO.GOV , google.com
CIO.GOV , google.com
CITIZENSCIENCE.GOV , NR
CLOUD.GOV , google.com
CLOUD.GOV , google.com
CLOUD.GOV , google.com
CLOUD.GOV , google.com
CLOUD.GOV , google.com
CODE.GOV , NR
COMPUTERSFORLEARNING.GOV , NR
CONSUMERACTION.GOV , NR
CONTRACTDIRECTORY.GOV , NR
CPARS.GOV , NR
DATA.GOV , NR
DIGITAL.GOV , NR
DIGITALDASHBOARD.GOV , NR
DIGITALGOV.GOV , NR
ECPIC.GOV , NR
ESRS.GOV , ESRS.GOV
ESRS.GOV , ESRS.GOV
EVALUATION.GOV , NR
FACA.GOV , azure.com
FACADATABASE.GOV , azure.com
FAI.GOV , google.com
FAI.GOV , google.com
FAI.GOV , google.com
FAI.GOV , google.com
FAI.GOV , google.com
FAPIIS.GOV , NR
FBF.GOV , NR
FBO.GOV , FBO.GOV
FDMS.GOV , NR
FEDIDCARD.GOV , FEDIDCARD.GOV
FEDINFO.GOV , NR
FEDRAMP.GOV , google.com
FEDRAMP.GOV , google.com
FEDRAMP.GOV , google.com
FEDRAMP.GOV , google.com
FEDRAMP.GOV , google.com
FEDROOMS.GOV , NR
FIRSTGOV.GOV , NR
FLEET.GOV , NR
FMI.GOV , NR
FORMS.GOV , NR
FPC.GOV , NR
FPDS.GOV , FPDS.GOV
FPKI-LAB.GOV , NR
FPKI.GOV , NR
FRPG.GOV , NR
FSD.GOV , NR
FSRS.GOV , FSRS.GOV
FSRS.GOV , FSRS.GOV
GOBIERNOUSA.GOV , NR
GSA.GOV , google.com
GSA.GOV , google.com
GSA.GOV , google.com
GSA.GOV , google.com
GSA.GOV , google.com
GSAADVANTAGE.GOV , NR
GSAAUCTIONS.GOV , NR
GSAFLEET.GOV , NR
GSAIG.GOV , GSAIG.GOV
GSAIG.GOV , GSAIG.GOV
GSAIG.GOV , GSAIG.GOV
GSATEST2.GOV , NR
GSAXCESS.GOV , NR
IDENTITYSANDBOX.GOV , amazonaws.com
IDMANAGEMENT.GOV , NR
INFO.GOV , NR
INNOVATION.GOV , NR
ITDASHBOARD.GOV , NR
KIDS.GOV , NR
LOGIN.GOV , google.com
LOGIN.GOV , google.com
LOGIN.GOV , google.com
LOGIN.GOV , googlemail.com
LOGIN.GOV , googlemail.com
LOGIN.GOV , googlemail.com
LOGIN.GOV , googlemail.com
MADEINAMERICA.GOV , NR
PAYMENTACCURACY.GOV , NR
PCSCOTUS.GOV , google.com
PCSCOTUS.GOV , google.com
PCSCOTUS.GOV , google.com
PCSCOTUS.GOV , google.com
PCSCOTUS.GOV , google.com
PERFORMANCE.GOV , NR
PIC.GOV , google.com
PIC.GOV , google.com
PIC.GOV , google.com
PIC.GOV , google.com
PIC.GOV , google.com
PIF.GOV , google.com
PIF.GOV , google.com
PIF.GOV , google.com
PIF.GOV , google.com
PIF.GOV , google.com
PKI-LAB.GOV , NR
PKI.GOV , NR
PLAINLANGUAGE.GOV , google.com
PLAINLANGUAGE.GOV , google.com
PLAINLANGUAGE.GOV , google.com
PLAINLANGUAGE.GOV , google.com
PLAINLANGUAGE.GOV , google.com
PPIRS.GOV , NR
PPMS.GOV , NR
PRESIDENTIALINNOVATIONFELLOWS.GOV , google.com
PRESIDENTIALINNOVATIONFELLOWS.GOV , google.com
PRESIDENTIALINNOVATIONFELLOWS.GOV , google.com
PRESIDENTIALINNOVATIONFELLOWS.GOV , google.com
PRESIDENTIALINNOVATIONFELLOWS.GOV , google.com
PTT.GOV , NR
REALESTATESALES.GOV , NR
REALPROPERTYPROFILE.GOV , NR
REGINFO.GOV , NR
REGULATIONS.GOV , NR
REPORTING.GOV , NR
ROCIS.GOV , NR
RPA.GOV , NR
SAFERFEDERALWORKFORCE.GOV , NR
SAM.GOV , SAM.GOV
SBST.GOV , NR
SEARCH.GOV , amazonaws.com
SECTION508.GOV , NR
SFTOOL.GOV , NR
THENAMINGCOMMISSION.GOV , google.com
THENAMINGCOMMISSION.GOV , google.com
THENAMINGCOMMISSION.GOV , google.com
THENAMINGCOMMISSION.GOV , google.com
THENAMINGCOMMISSION.GOV , google.com
US.GOV , NR
USA.GOV , NR
USABILITY.GOV , NR
USAGOV.GOV , NR
USSM.GOV , NR
VOTE.GOV , NR
WDOL.GOV , NR
RESTORETHEGULF.GOV , GOOGLE.COM
RESTORETHEGULF.GOV , GOOGLE.COM
RESTORETHEGULF.GOV , GOOGLE.COM
RESTORETHEGULF.GOV , GOOGLE.COM
RESTORETHEGULF.GOV , GOOGLE.COM
TRUMAN.GOV , outlook.com
IMLS.GOV , outlook.com
IAF.GOV , googlemail.com
IAF.GOV , google.com
IAF.GOV , google.com
IAF.GOV , google.com
IAF.GOV , googlemail.com
JAMESMADISON.GOV , google.com
JAMESMADISON.GOV , google.com
JAMESMADISON.GOV , google.com
JAMESMADISON.GOV , google.com
JUSFC.GOV , mtaroutes.com
JUSFC.GOV , mtaroutes.com
JUSFC.GOV , mtaroutes.com
JUSFC.GOV , mtaroutes.com
KENNEDY-CENTER.GOV , outlook.com
LSC.GOV , LSC.GOV
LSC.GOV , outlook.com
MMC.GOV , outlook.com
MSPB.GOV , MSPB.GOV
MSPB.GOV , outlook.com
MCC.GOV , outlook.com
MCCTEST.GOV , akadns.net
ECR.GOV , microsoft.com
ECR.GOV , outlook.com
UDALL.GOV , microsoft.com
UDALL.GOV , outlook.com
GLOBE.GOV , NR
NASA.GOV , outlook.com
SCIJINKS.GOV , NR
USGEO.GOV , NR
9-11COMMISSION.GOV , NR
911COMMISSION.GOV , NR
ARCHIVES.GOV , NR
BUSH41LIBRARY.GOV , NR
CLINTONLIBRARY.GOV , NR
DD214.GOV , NR
EISENHOWERLIBRARY.GOV , NR
EMERGENCY-FEDERAL-REGISTER.GOV , NR
FCIC.GOV , NR
FORDLIBRARYMUSEUM.GOV , NR
FRC.GOV , NR
GEORGEWBUSHLIBRARY.GOV , NR
HISTORY.GOV , NR
JFKLIBRARY.GOV , NR
JIMMYCARTERLIBRARY.GOV , NR
LBJLIBRARY.GOV , NR
NARA.GOV , fireeyegov.com
NARA.GOV , google.com
NARA.GOV , fireeyegov.com
NARA.GOV , google.com
NARA.GOV , google.com
NARA.GOV , google.com
NARA.GOV , fireeyegov.com
NARA.GOV , google.com
NARA.GOV , fireeyegov.com
NIXONLIBRARY.GOV , NR
OBAMALIBRARY.GOV , NR
OBAMAWHITEHOUSE.GOV , NR
OURDOCUMENTS.GOV , NR
REAGANLIBRARY.GOV , NR
RECORDSMANAGEMENT.GOV , NR
TRUMANLIBRARY.GOV , NR
TRUMPLIBRARY.GOV , NR
TRUMPWHITEHOUSE.GOV , NR
WARTIMECONTRACTING.GOV , NR
WEBHARVEST.GOV , NR
NCPC.GOV , outlook.com
NCD.GOV , outlook.com
MYCREDITUNION.GOV , NR
NCUA.GOV , outlook.com
ARTS.GOV , outlook.com
NEA.GOV , outlook.com
HUMANITIES.GOV , NR
NEH.GOV , outlook.com
NGA.GOV , outlook.com
NIGC.GOV , outlook.com
NLRB.GOV , outlook.com
NMB.GOV , google.com
NMB.GOV , google.com
NMB.GOV , googlemail.com
NMB.GOV , googlemail.com
NMB.GOV , google.com
NANO.GOV , NR
NNSS.GOV , NR
QUANTUM.GOV , outlook.com
ARCTIC.GOV , google.com
ARCTIC.GOV , google.com
ARCTIC.GOV , google.com
ARCTIC.GOV , google.com
ARCTIC.GOV , google.com
NSF.GOV , fireeyegov.com
NSF.GOV , fireeyegov.com
NSF.GOV , fireeyegov.com
NSF.GOV , fireeyegov.com
RESEARCH.GOV , NR
SAC.GOV , NR
USAP.GOV , USAP.GOV
USAP.GOV , USAP.GOV
INTELLIGENCECAREERS.GOV , ncsc.mil
INTELLIGENCECAREERS.GOV , mail.mil
INTELLIGENCECAREERS.GOV , ncsc.mil
INTELLIGENCECAREERS.GOV , mail.mil
LPS.GOV , LPS.GOV
NSCAI.GOV , google.com
NSCAI.GOV , googlemail.com
NSCAI.GOV , googlemail.com
NSCAI.GOV , google.com
NSCAI.GOV , google.com
NTSB.GOV , outlook.com
ITRD.GOV , outlook.com
ITRD.GOV , nitrd.GOV
NITRD.GOV , outlook.com
PROMESA.GOV , outlook.com
NBRC.GOV , outlook.com
NRC-GATEWAY.GOV , NR
NRC.GOV , NRC.GOV
NRC.GOV , NRC.GOV
OSHRC.GOV , outlook.com
INTEGRITY.GOV , INTEGRITY.GOV
OGE.GOV , OGE.GOV
OGE.GOV , qwest.net
OGE.GOV , OGE.GOV
OGE.GOV , qwest.net
APPLICATIONMANAGER.GOV , NR
CHCOC.GOV , mailcontrol.com
CHCOC.GOV , mailcontrol.com
CYBERCAREERS.GOV , NR
E-QIP.GOV , NR
EMPLOYEEEXPRESS.GOV , NR
FEB.GOV , NR
FEDERALJOBS.GOV , NR
FEDJOBS.GOV , NR
FEDSHIREVETS.GOV , mailcontrol.com
FEDSHIREVETS.GOV , mailcontrol.com
FEGLI.GOV , NR
FSAFEDS.GOV , NR
GOLEARN.GOV , NR
GOVERNMENTJOBS.GOV , NR
OPM.GOV , mailcontrol.com
OPM.GOV , mailcontrol.com
PAC.GOV , mailcontrol.com
PAC.GOV , mailcontrol.com
PMF.GOV , mailcontrol.com
PMF.GOV , mailcontrol.com
TELEWORK.GOV , NR
UNLOCKTALENT.GOV , NR
USAJOBS.GOV , mailcontrol.com
USAJOBS.GOV , mailcontrol.com
USALEARNING.GOV , NR
USASTAFFING.GOV , mailcontrol.com
USASTAFFING.GOV , mailcontrol.com
PBGC.GOV , PBGC.GOV
PBGC.GOV , PBGC.GOV
PRC.GOV , mimecast.com
PRC.GOV , mimecast.com
PRESIDIO.GOV , outlook.com
PRESIDIOTRUST.GOV , outlook.com
PRESIDIOTUNNELTOPS.GOV , NR
PCLOB.GOV , outlook.com
PBRB.GOV , google.com
PBRB.GOV , google.com
PBRB.GOV , google.com
PBRB.GOV , google.com
PBRB.GOV , google.com
RRB.GOV , outlook.com
INVESTOR.GOV , NR
SEC.GOV , SEC.GOV
SEC.GOV , SEC.GOV
SSS.GOV , qwest.net
SSS.GOV , qwest.net
BUSINESS.GOV , NR
NWBC.GOV , fireeyegov.com
NWBC.GOV , fireeyegov.com
NWBC.GOV , fireeyegov.com
NWBC.GOV , fireeyegov.com
SBA.GOV , fireeyegov.com
SBA.GOV , fireeyegov.com
SBA.GOV , fireeyegov.com
SBA.GOV , fireeyegov.com
SBIR.GOV , NR
ITIS.GOV , outlook.com
SEGUROSOCIAL.GOV , NR
SOCIALSECURITY.GOV , NR
SSA.GOV , SSA.GOV
SSA.GOV , SSA.GOV
SSA.GOV , SSA.GOV
SSA.GOV , SSA.GOV
SSA.GOV , SSA.GOV
SSA.GOV , SSA.GOV
SSA.GOV , SSA.GOV
SSA.GOV , SSA.GOV
SSAB.GOV , outlook.com
SCRC.GOV , google.com
SCRC.GOV , google.com
SCRC.GOV , google.com
SCRC.GOV , google.com
SCRC.GOV , google.com
SCRC.GOV , google.com
SJI.GOV , outlook.com
STB.GOV , outlook.com
TVA.GOV , outlook.com
TVAOIG.GOV , TVAOIG.GOV
TVAOIG.GOV , outlook.com
PTF.GOV , cia.GOV
PTF.GOV , cia.GOV
WORLDWAR1CENTENNIAL.GOV , mailspamprotection.com
WORLDWAR1CENTENNIAL.GOV , mailspamprotection.com
WORLDWAR1CENTENNIAL.GOV , mailspamprotection.com
CHILDRENINADVERSITY.GOV , NR
DFAFACTS.GOV , NR
FEEDTHEFUTURE.GOV , NR
FOREIGNASSISTANCE.GOV , NR
NEGLECTEDDISEASES.GOV , NR
PMI.GOV , NR
PROSPERAFRICA.GOV , NR
USAID.GOV , google.com
USAID.GOV , google.com
USAID.GOV , google.com
USAID.GOV , google.com
USAID.GOV , google.com
WORKWITHUSAID.GOV , NR
HERITAGEABROAD.GOV , outlook.com
CFA.GOV , outlook.com
CFA.GOV , verizon.net
CFA.GOV , verizon.net
CIVILRIGHTSUSA.GOV , NR
USCCR.GOV , serverdata.net
USCCR.GOV , serverdata.net
USCIRF.GOV , arsmtp.com
USCIRF.GOV , arsmtp.com
AFF.GOV , NR
AG.GOV , NR
ARS-GRIN.GOV , outlook.com
ARSUSDA.GOV , NR
BIOPREFERRED.GOV , NR
BOSQUE.GOV , NR
CHOOSEMYPLATE.GOV , NR
DIETARYGUIDELINES.GOV , NR
EMPOWHR.GOV , NR
EXECSEC.GOV , NR
FARMERFAIRNESS.GOV , NR
FARMERS.GOV , NR
FORESTSANDRANGELANDS.GOV , NR
FS.FED.US , outlook.com
ICBEMP.GOV , NR
INVASIVESPECIESINFO.GOV , outlook.com
ITAP.GOV , outlook.com
JUNIORFORESTRANGER.GOV , NR
LCACOMMONS.GOV , NR
MYPLATE.GOV , NR
NAFRI.GOV , outlook.com
NUTRITION.GOV , outlook.com
NWCG.GOV , NR
PREGUNTELEAKAREN.GOV , NR
REC.GOV , NR
RECREATION.GOV , google.com
RECREATION.GOV , google.com
RECREATION.GOV , google.com
RECREATION.GOV , google.com
RECREATION.GOV , google.com
REO.GOV , NR
RURAL.GOV , NR
SMOKEYBEAR.GOV , NR
SYMBOLS.GOV , NR
USDA.GOV , outlook.com
USDAPII.GOV , NR
WILDFIRE.GOV , outlook.com
WOODSY.GOV , NR
WOODSYOWL.GOV , NR
NWTRB.GOV , outlook.com
OSC.GOV , outlook.com
OSCNET.GOV , NR
PEACECORPS.GOV , iphmx.com
PEACECORPS.GOV , PEACECORPS.GOV
PEACECORPS.GOV , iphmx.com
ABILITYONE.GOV , outlook.com
JWOD.GOV , JWOD.GOV
ACCESS-BOARD.GOV , outlook.com
ACCESS-BOARD.GOV , outlook.com
ADF.GOV , NR
USADF.GOV , outlook.com
BBG.GOV , outlook.com
IBB.GOV , outlook.com
USAGM.GOV , outlook.com
VOA.GOV , outlook.com
GLOBALCHANGE.GOV , google.com
GLOBALCHANGE.GOV , googlemail.com
GLOBALCHANGE.GOV , googlemail.com
GLOBALCHANGE.GOV , google.com
GLOBALCHANGE.GOV , google.com
USGCRP.GOV , google.com
USGCRP.GOV , googlemail.com
USGCRP.GOV , googlemail.com
USGCRP.GOV , google.com
USGCRP.GOV , google.com
USHMM.GOV , google.com
USHMM.GOV , google.com
USHMM.GOV , google.com
USHMM.GOV , google.com
USHMM.GOV , google.com
USIP.GOV , outlook.com
ICH.GOV , NR
USICH.GOV , outlook.com
DFC.GOV , outlook.com
IDFC.GOV , NR
OPIC.GOV , outlook.com
USDFC.GOV , NR
USIDFC.GOV , NR
USITC.GOV , outlook.com
USITCOIG.GOV , outlook.com
CHANGEOFADDRESS.GOV , NR
MAIL.GOV , NR
MYUSPS.GOV , NR
POSTOFFICE.GOV , NR
PURCHASING.GOV , NR
USPIS.GOV , outlook.com
USPS.GOV , outlook.com
USPSINFORMEDDELIVERY.GOV , NR
USPSINNOVATES.GOV , NR
PEACECORPSOIG.GOV , outlook.com
USPSOIG.GOV , outlook.com
USTDA.GOV , outlook.com
FD.GOV , NR
SC-US.GOV , amazonaws.com
SCINET-TEST.GOV , SCINET-TEST.GOV
SCINET.GOV , NR
SCUS.GOV , NR
SCUSPD.GOV , NR
SUPREME-COURT.GOV , NR
SUPREMECOURT.GOV , SUPREMECOURT.GOV
SUPREMECOURT.GOV , SUPREMECOURT.GOV
SUPREMECOURTUS.GOV , NR
BANKRUPTCY.GOV , NR
CAVC.GOV , NR
FEDERALCOURTS.GOV , NR
FEDERALPROBATION.GOV , NR
FEDERALRULES.GOV , NR
FJC.GOV , outlook.com
FJC.GOV , uscourts.GOV
FJC.GOV , uscourts.GOV
JUDICIALCONFERENCE.GOV , NR
NMCOURT.FED.US , uscourts.gov
NMCOURT.FED.US , uscourts.gov
PACER.GOV , uscourts.GOV
PACER.GOV , uscourts.GOV
USBANKRUPTCY.GOV , NR
USC.GOV , USC.GOV
USCAVC.GOV , NR
USCOURTS.GOV , USCOURTS.GOV
USCOURTS.GOV , USCOURTS.GOV
USPROBATION.GOV , googlemail.com
USPROBATION.GOV , google.com
USPROBATION.GOV , googlemail.com
USPROBATION.GOV , google.com
USPROBATION.GOV , google.com
USPROBATION.GOV , googlemail.com
USPROBATION.GOV , googlemail.com
USSC.GOV , outlook.com
USTAXCOURT.GOV , outlook.com
AOC.GOV , AOC.GOV
AOC.GOV , AOC.GOV
AOC.GOV , AOC.GOV
AOC.GOV , AOC.GOV
AOC.GOV , AOC.GOV
AOC.GOV , AOC.GOV
AOC.GOV , AOC.GOV
AOC.GOV , AOC.GOV
CAPITAL.GOV , aoc.GOV
CAPITAL.GOV , aoc.GOV
CAPITALGIFTSHOP.GOV , NR
CAPITOL.GOV , aoc.GOV
CAPITOL.GOV , aoc.GOV
CAPITOLGIFTSHOP.GOV , NR
USBG.GOV , aoc.GOV
USBG.GOV , aoc.GOV
USCAPITAL.GOV , aoc.GOV
USCAPITAL.GOV , aoc.GOV
USCAPITALGIFTSHOP.GOV , NR
USCAPITOL.GOV , aoc.GOV
USCAPITOL.GOV , aoc.GOV
USCAPITOLGIFTSHOP.GOV , NR
USCAPITOLGIFTSTORE.GOV , NR
VISITTHECAPITAL.GOV , aoc.GOV
VISITTHECAPITAL.GOV , aoc.GOV
VISITTHECAPITOL.GOV , aoc.GOV
VISITTHECAPITOL.GOV , aoc.GOV
CBO.GOV , pphosted.com
CBO.GOV , pphosted.com
CBONEWS.GOV , pphosted.com
CBONEWS.GOV , pphosted.com
SOLARIUM.GOV , google.com
SOLARIUM.GOV , google.com
SOLARIUM.GOV , google.com
SOLARIUM.GOV , google.com
SOLARIUM.GOV , google.com
ESECLAB.GOV , ESECLAB.GOV
FASAB.GOV , pphosted.com
FASAB.GOV , pphosted.com
GAO.GOV , pphosted.com
GAO.GOV , pphosted.com
GAOINNOVATION.GOV , NR
GAOINNOVATIONLAB.GOV , google.com
GAOINNOVATIONLAB.GOV , google.com
GAOINNOVATIONLAB.GOV , google.com
GAOINNOVATIONLAB.GOV , google.com
GAOINNOVATIONLAB.GOV , google.com
GAOINNOVATIONS.GOV , NR
GAONET.GOV , gao.GOV
GAONET.GOV , gao.GOV
GAONET.GOV , gao.GOV
GAONET.GOV , GAONET.GOV
GAONET.GOV , gao.GOV
GAONET.GOV , GAONET.GOV
CONGRESSIONALDIRECTORY.GOV , NR
CONGRESSIONALRECORD.GOV , NR
ECFR.GOV , NR
FDLP.GOV , FDLP.GOV
FDSYS.GOV , NR
FEDERALREGISTER.GOV , NR
FEDREG.GOV , FEDREG.GOV
FEDREG.GOV , FEDREG.GOV
GOVINFO.GOV , NR
GPO.GOV , outlook.com
GPODEV.GOV , NR
HOUSECALENDAR.GOV , NR
OFR.GOV , NR
PRESIDENTIALDOCUMENTS.GOV , NR
SENATECALENDAR.GOV , NR
USCODE.GOV , NR
USGOVERNMENTMANUAL.GOV , NR
AFRICANAMERICANHISTORYMONTH.GOV , loc.GOV
AFRICANAMERICANHISTORYMONTH.GOV , loc.GOV
AMERICANMEMORY.GOV , NR
AMERICASLIBRARY.GOV , NR
ASIANPACIFICHERITAGE.GOV , loc.GOV
ASIANPACIFICHERITAGE.GOV , loc.GOV
BLACKHISTORYMONTH.GOV , NR
CCB.GOV , loc.GOV
CCB.GOV , loc.GOV
CCB.GOV , loc.GOV
CCB.GOV , loc.GOV
CONGRESS.GOV , loc.GOV
CONGRESS.GOV , loc.GOV
CONGRESS.GOV , loc.GOV
CONGRESS.GOV , loc.GOV
COPYRIGHT.GOV , loc.GOV
COPYRIGHT.GOV , loc.GOV
COPYRIGHT.GOV , loc.GOV
COPYRIGHT.GOV , loc.GOV
COPYRIGHTCLAIMSBOARD.GOV , NR
CRB.GOV , loc.GOV
CRB.GOV , loc.GOV
CRB.GOV , loc.GOV
CRB.GOV , loc.GOV
CRS.GOV , NR
DIGITALPRESERVATION.GOV , NR
DIGITIZATIONGUIDELINES.GOV , NR
HISPANICHERITAGEMONTH.GOV , loc.GOV
HISPANICHERITAGEMONTH.GOV , loc.GOV
JEWISHHERITAGE.GOV , NR
JEWISHHERITAGEMONTH.GOV , loc.GOV
JEWISHHERITAGEMONTH.GOV , loc.GOV
LAW.GOV , NR
LCTL.GOV , loc.GOV
LCTL.GOV , loc.GOV
LCTL.GOV , loc.GOV
LCTL.GOV , loc.GOV
LIBRARYOFCONGRESS.GOV , NR
LIS.GOV , NR
LITERACY.GOV , NR
LOC.GOV , LOC.GOV
LOC.GOV , LOC.GOV
LOC.GOV , LOC.GOV
LOC.GOV , LOC.GOV
LOCTPS.GOV , NR
NATIVEAMERICANHERITAGEMONTH.GOV , loc.GOV
NATIVEAMERICANHERITAGEMONTH.GOV , loc.GOV
READ.GOV , NR
SECTION108.GOV , NR
THOMAS.GOV , NR
TPS.GOV , NR
UNITEDSTATESCONGRESS.GOV , NR
USCONGRESS.GOV , NR
WOMENSHISTORYMONTH.GOV , loc.GOV
WOMENSHISTORYMONTH.GOV , loc.GOV
MACPAC.GOV , google.com
MACPAC.GOV , google.com
MACPAC.GOV , google.com
MACPAC.GOV , google.com
MACPAC.GOV , google.com
MEDPAC.GOV , outlook.com
COMPLIANCE.GOV , loc.GOV
COMPLIANCE.GOV , loc.GOV
COMPLIANCE.GOV , loc.GOV
COMPLIANCE.GOV , loc.GOV
OCWR.GOV , loc.GOV
OCWR.GOV , loc.GOV
OCWR.GOV , loc.GOV
OCWR.GOV , loc.GOV
COIL.GOV , loc.GOV
COIL.GOV , loc.GOV
COIL.GOV , loc.GOV
COIL.GOV , loc.GOV
OPENWORLD.GOV , loc.GOV
OPENWORLD.GOV , loc.GOV
OPENWORLD.GOV , loc.GOV
OPENWORLD.GOV , loc.GOV
STENNIS.GOV , outlook.com
CECC.GOV , NR
CHINA-COMMISSION.GOV , NR
CHINACOMMISSION.GOV , NR
CSCE.GOV , house.GOV
CSCE.GOV , house.GOV
CSCE.GOV , house.GOV
CSCE.GOV , house.GOV
CSCE.GOV , house.GOV
CSCE.GOV , house.GOV
CSCE.GOV , house.GOV
CSCE.GOV , house.GOV
DEMOCRATICLEADER.GOV , NR
DEMOCRATICWHIP.GOV , NR
DEMOCRATS.GOV , NR
DEMS.GOV , NR
GOP.GOV , GOP.GOV
GOPLEADER.GOV , NR
GOPWHIP.GOV , NR
HOUSE.GOV , NR
HOUSECOMMUNICATIONS.GOV , NR
HOUSED.GOV , NR
HOUSEDEMOCRATS.GOV , NR
HOUSEDEMS.GOV , NR
HOUSELIVE.GOV , NR
HOUSENEWSLETTERS.GOV , NR
JCT.GOV , fireeyegov.com
JCT.GOV , fireeyegov.com
JCT.GOV , fireeyegov.com
JCT.GOV , fireeyegov.com
MAJORITYLEADER.GOV , house.GOV
MAJORITYLEADER.GOV , house.GOV
MAJORITYLEADER.GOV , house.GOV
MAJORITYLEADER.GOV , house.GOV
MAJORITYLEADER.GOV , house.GOV
MAJORITYLEADER.GOV , house.GOV
MAJORITYLEADER.GOV , house.GOV
MAJORITYLEADER.GOV , house.GOV
MAJORITYWHIP.GOV , NR
MINORITYWHIP.GOV , NR
PPDCECC.GOV , NR
REPUBLICANLEADER.GOV , NR
REPUBLICANS.GOV , NR
REPUBLICANWHIP.GOV , NR
SPEAKER.GOV , NR
TAXREFORM.GOV , NR
TMDBHOUSE.GOV , NR
USHOUSE.GOV , NR
USHR.GOV , NR
USCAPITOLPOLICE.GOV , NR
USCP.GOV , USCP.GOV
USCP.GOV , USCP.GOV
USCP.GOV , USCP.GOV
USCP.GOV , USCP.GOV
AMERICA250.GOV , google.com
AMERICA250.GOV , google.com
AMERICA250.GOV , google.com
AMERICA250.GOV , google.com
AMERICA250.GOV , google.com
USA250.GOV , NR
USSEMIQUINCENTENNIAL.GOV , NR
USCC.GOV , barracudanetworks.com
USCC.GOV , USCC.GOV
USCC.GOV , barracudanetworks.com
SEN.GOV , NR
SENATE.GOV , NR
WHDPC.GOV , mailspamprotection.com
WHDPC.GOV , mailspamprotection.com
WHDPC.GOV , mailspamprotection.com
